x,DP,Finetuning,First-Order,Second-Order,WDP-only
10,1.9792291583299388,1.9808777395507555,1.976747109060635,0.021165330043219785,1.9792512391456674
